content_id,media_type,prayer_type,created_at
1,audio,reflection,2023-04-16 14:38:01.803442
2,video,rosary,2023-03-06 18:41:16.947677
3,audio,lectio_divina,2023-07-30 16:20:23.51278
4,audio,rosary,2023-02-15 02:41:05.477481
5,audio,podcast,2023-03-09 17:39:15.1414
6,audio,academic,2023-08-14 09:40:37.591868
7,audio,reflection,2023-11-05 12:51:10.63105
8,audio,reflection,2023-12-28 21:22:38.101393
9,audio,reflection,2023-04-26 15:33:14.77414
10,video,lectio_divina,2023-12-26 03:43:35.801988
11,video,lectio_divina,2023-01-14 14:10:08.915002
12,text,meditation,2023-11-23 01:45:08.762696
13,video,reflection,2023-08-17 15:28:58.846694
14,video,reflection,2023-10-06 05:58:54.915466
15,audio,meditation,2023-03-05 14:11:27.425185
16,audio,meditation,2023-03-03 16:32:03.196746
17,audio,lectio_divina,2023-10-02 23:27:42.997171
18,audio,academic,2023-08-04 02:05:21.555301
19,audio,lectio_divina,2023-11-04 12:30:35.01592
20,audio,reflection,2023-12-25 01:11:20.752366
21,audio,academic,2023-08-08 01:46:10.861056
22,audio,lectio_divina,2023-12-02 23:42:40.085454
23,audio,rosary,2023-02-26 18:37:08.793976
24,audio,lectio_divina,2023-05-30 11:03:01.371519
25,video,reflection,2023-01-08 01:56:43.261377
26,audio,podcast,2023-06-01 14:34:08.231754
27,text,reflection,2023-06-09 22:22:05.833121
28,audio,rosary,2023-08-20 04:57:28.595223
29,audio,podcast,2023-10-04 13:41:39.173401
30,audio,lectio_divina,2023-10-01 18:28:43.871084
31,text,rosary,2023-09-14 21:46:35.960906
32,audio,podcast,2023-12-28 22:05:33.289728
33,audio,rosary,2023-06-15 13:53:24.445784
34,video,rosary,2023-11-03 21:40:44.526149
35,video,rosary,2023-02-23 06:27:18.219813
36,audio,podcast,2023-10-09 12:37:02.776891
37,audio,lectio_divina,2023-06-04 18:48:14.307482
38,audio,reflection,2023-05-10 06:00:09.55083
39,audio,lectio_divina,2023-09-10 22:39:45.023563
40,audio,rosary,2023-10-12 01:07:46.666123
41,audio,reflection,2023-06-16 07:31:54.271424
42,text,academic,2023-12-25 06:11:04.639273
43,video,meditation,2023-11-20 06:01:32.175097
44,audio,rosary,2023-09-07 22:19:05.972253
45,audio,podcast,2023-07-24 12:15:32.330051
46,text,rosary,2023-08-13 07:28:37.230509
47,audio,meditation,2023-01-17 07:30:05.264078
48,audio,reflection,2023-04-11 12:29:19.151285
49,video,reflection,2023-04-27 04:43:01.846305
50,audio,lectio_divina,2023-03-21 19:22:49.085061
51,audio,meditation,2023-01-04 01:06:26.100201
52,audio,lectio_divina,2023-06-08 00:18:02.458409
53,audio,reflection,2023-05-15 22:29:05.155642
54,video,lectio_divina,2023-06-22 21:03:21.138498
55,video,reflection,2023-07-09 18:03:09.776832
56,audio,rosary,2023-05-16 05:23:35.508906
57,audio,rosary,2023-01-24 07:03:53.82424
58,audio,reflection,2023-10-23 19:12:54.667727
59,audio,rosary,2023-06-19 08:04:34.780332
60,video,meditation,2023-05-30 02:58:00.152636
61,video,reflection,2023-12-17 04:00:51.413668
62,audio,lectio_divina,2023-03-16 06:53:00.787511
63,video,rosary,2023-09-24 11:01:21.290754
64,audio,rosary,2023-08-01 01:15:00.21599
65,audio,reflection,2023-03-06 03:07:32.23709
66,audio,podcast,2023-03-28 22:06:32.324544
67,audio,rosary,2023-09-08 16:04:02.834993
68,video,reflection,2023-08-05 02:27:27.963889
69,audio,lectio_divina,2023-08-20 14:56:09.629024
70,video,academic,2023-07-05 22:48:27.454875
71,audio,rosary,2023-03-06 03:42:35.800889
72,audio,academic,2023-04-01 23:15:22.634282
73,audio,meditation,2023-06-27 19:31:41.744577
74,video,rosary,2023-01-26 09:17:18.145042
75,video,meditation,2023-10-25 04:20:56.693327
76,audio,rosary,2023-05-06 14:06:47.089361
77,audio,lectio_divina,2023-03-16 03:36:39.753779
78,audio,reflection,2023-12-01 06:56:53.922297
79,audio,rosary,2023-11-10 07:27:35.431766
80,audio,rosary,2023-09-27 20:04:54.809045
81,audio,lectio_divina,2023-04-18 15:34:13.540481
82,audio,podcast,2023-11-14 12:05:01.691967
83,video,lectio_divina,2023-05-08 08:55:06.438201
84,audio,podcast,2023-11-18 03:23:09.954603
85,video,reflection,2023-05-05 00:13:13.804927
86,audio,lectio_divina,2023-06-29 22:19:54.979796
87,video,rosary,2023-07-03 22:13:59.653164
88,audio,meditation,2023-10-01 10:12:44.720403
89,video,academic,2023-04-27 01:20:24.105823
90,audio,reflection,2023-08-01 00:01:28.650325
91,audio,lectio_divina,2023-02-17 13:13:21.612104
92,video,rosary,2023-08-31 09:12:23.579999
93,audio,rosary,2023-06-21 22:53:42.20634
94,audio,lectio_divina,2023-01-25 14:43:39.625147
95,audio,rosary,2023-04-21 20:57:09.633358
96,audio,lectio_divina,2023-02-22 05:10:51.920974
97,audio,rosary,2023-06-26 16:54:16.420998
98,audio,lectio_divina,2023-12-28 19:56:15.667422
99,audio,lectio_divina,2023-08-30 18:39:52.190309
100,video,lectio_divina,2023-05-15 13:14:15.584205
101,audio,meditation,2023-03-21 17:51:13.41048
102,audio,rosary,2023-12-20 08:39:36.261381
103,audio,podcast,2023-06-11 21:41:15.418307
104,audio,rosary,2023-02-12 12:28:58.795291
105,audio,podcast,2023-10-17 02:48:49.487302
106,audio,reflection,2023-09-30 18:56:42.450909
107,audio,lectio_divina,2023-03-31 12:47:59.638722
108,audio,reflection,2023-01-24 17:43:47.246906
109,audio,lectio_divina,2023-08-24 19:12:14.903552
110,audio,reflection,2023-07-12 00:26:42.398912
111,audio,rosary,2023-11-03 06:48:42.064102
112,audio,meditation,2023-01-11 12:41:12.697645
113,video,reflection,2023-06-19 19:43:38.935231
114,audio,podcast,2023-07-26 12:39:58.20751
115,audio,podcast,2023-09-07 05:09:01.530712
116,audio,lectio_divina,2023-04-18 08:38:50.792768
117,audio,lectio_divina,2023-10-06 23:28:30.030922
118,video,rosary,2023-06-25 17:25:58.490311
119,audio,lectio_divina,2023-10-31 16:36:16.439575
120,video,lectio_divina,2023-01-04 14:44:33.755507
121,audio,podcast,2023-07-07 01:39:13.637032
122,audio,reflection,2023-02-01 01:37:04.467553
123,audio,reflection,2023-10-05 13:31:18.242778
124,video,reflection,2023-08-19 16:40:59.124531
125,audio,lectio_divina,2023-04-15 16:29:47.21644
126,audio,podcast,2023-09-03 12:49:24.212106
127,audio,reflection,2023-06-30 23:44:20.251576
128,audio,lectio_divina,2023-06-24 02:29:13.56893
129,video,reflection,2023-09-05 23:55:27.346688
130,audio,rosary,2023-08-04 02:37:12.971337
131,audio,lectio_divina,2023-02-09 16:07:48.458808
132,audio,podcast,2023-07-05 09:36:43.024109
133,audio,lectio_divina,2023-12-19 10:50:50.064415
134,video,lectio_divina,2023-11-05 20:47:32.575301
135,audio,rosary,2023-04-23 03:20:24.141421
136,audio,reflection,2023-01-12 01:34:28.476959
137,audio,reflection,2023-10-30 17:39:05.593257
138,video,reflection,2023-07-14 16:52:17.066948
139,video,reflection,2023-04-09 08:40:25.272628
140,audio,rosary,2023-11-19 06:01:50.929883
141,audio,rosary,2023-01-11 00:54:10.641276
142,audio,lectio_divina,2023-10-09 20:19:50.204182
143,audio,rosary,2023-10-09 10:08:52.127953
144,audio,meditation,2023-06-04 17:38:58.212925
145,audio,rosary,2023-09-09 16:46:23.479498
146,audio,lectio_divina,2023-08-09 08:41:19.918787
147,video,rosary,2023-09-03 23:42:56.222672
148,video,academic,2023-08-06 17:34:56.574021
149,audio,rosary,2023-04-14 08:41:56.891257
150,audio,lectio_divina,2023-09-13 02:02:17.892227
151,audio,reflection,2023-03-30 05:27:05.018195
152,video,rosary,2023-09-02 14:41:33.086546
153,video,reflection,2023-01-23 11:27:38.563363
154,audio,rosary,2023-02-23 13:30:54.397385
155,audio,rosary,2023-09-14 12:02:05.037705
156,audio,podcast,2023-01-07 23:04:24.375823
157,audio,rosary,2023-05-24 08:53:28.026515
158,video,rosary,2023-03-22 23:56:41.816787
159,video,reflection,2023-01-18 13:53:32.467716
160,text,reflection,2023-07-02 01:16:37.06939
161,audio,rosary,2023-12-16 05:39:37.256181
162,audio,reflection,2023-05-31 18:37:58.917668
163,audio,rosary,2023-09-17 22:05:56.391169
164,audio,lectio_divina,2023-08-14 05:12:11.83659
165,audio,lectio_divina,2023-09-14 10:42:43.96459
166,audio,reflection,2023-05-22 06:58:47.322152
167,audio,rosary,2023-08-28 16:33:34.627315
168,audio,rosary,2023-04-09 12:18:48.997783
169,audio,reflection,2023-11-24 08:13:20.313454
170,audio,rosary,2023-03-12 11:44:40.16964
171,audio,podcast,2023-09-17 04:44:07.15172
172,audio,lectio_divina,2023-11-13 17:55:31.544882
173,audio,lectio_divina,2023-09-29 12:52:17.89377
174,audio,rosary,2023-11-08 07:52:13.861999
175,video,rosary,2023-04-01 06:20:08.377373
176,video,lectio_divina,2023-03-07 22:38:02.000878
177,audio,rosary,2023-02-02 22:35:32.67747
178,text,reflection,2023-03-07 00:41:52.601954
179,audio,reflection,2023-03-12 05:46:42.484574
180,audio,podcast,2023-07-02 18:55:32.873743
181,audio,lectio_divina,2023-09-01 22:21:14.455137
182,audio,rosary,2023-07-02 22:52:42.534381
183,audio,reflection,2023-03-02 02:53:24.418026
184,audio,rosary,2023-02-25 08:22:21.62214
185,audio,lectio_divina,2023-06-17 03:49:47.624982
186,video,rosary,2023-08-29 04:24:38.016046
187,audio,rosary,2023-11-21 01:53:49.655003
188,text,rosary,2023-10-27 03:25:50.727433
189,audio,reflection,2023-12-28 06:26:50.878024
190,audio,reflection,2023-08-05 14:13:45.219678
191,audio,lectio_divina,2023-01-07 02:26:25.130925
192,audio,rosary,2023-06-18 05:43:51.470853
193,video,lectio_divina,2023-06-01 09:43:59.606645
194,audio,reflection,2023-02-03 21:13:06.286356
195,audio,lectio_divina,2023-05-21 07:54:30.685652
196,video,reflection,2023-11-21 14:40:34.221692
197,audio,rosary,2023-06-29 18:27:25.235561
198,video,lectio_divina,2023-07-16 22:44:24.752731
199,audio,podcast,2023-11-30 02:27:14.899909
200,video,rosary,2023-03-14 10:58:35.078185
201,video,rosary,2023-06-10 08:39:08.38967
202,audio,reflection,2023-02-10 23:51:51.292798
203,audio,podcast,2023-04-20 09:06:29.025729
204,audio,rosary,2023-03-02 04:18:16.237641
205,audio,rosary,2023-09-10 18:07:55.268561
206,audio,podcast,2023-05-06 14:39:15.025391
207,video,podcast,2023-07-19 16:51:44.018003
208,text,rosary,2023-03-23 22:45:51.770151
209,audio,podcast,2023-10-03 18:45:38.854163
210,audio,rosary,2023-12-08 03:15:51.382232
211,audio,reflection,2023-03-23 07:48:08.334888
212,audio,rosary,2023-05-17 07:19:51.747818
213,audio,rosary,2023-12-26 07:27:38.787353
214,audio,reflection,2023-03-28 12:28:27.760849
215,audio,reflection,2023-04-12 11:27:40.756546
216,audio,rosary,2023-10-10 23:23:59.67772
217,video,podcast,2023-04-16 02:24:06.577357
218,video,rosary,2023-08-23 05:26:35.577819
219,video,podcast,2023-08-04 03:54:49.736164
220,video,lectio_divina,2023-08-14 01:33:41.673115
221,video,lectio_divina,2023-02-19 14:07:02.509957
222,video,rosary,2023-01-22 09:39:09.849709
223,text,reflection,2023-10-31 16:59:05.822076
224,video,reflection,2023-09-22 12:42:34.24884
225,video,reflection,2023-04-23 11:14:12.548635
226,audio,lectio_divina,2023-07-08 06:40:22.251361
227,audio,rosary,2023-02-24 14:43:08.225792
228,audio,meditation,2023-07-10 16:38:10.452471
229,audio,reflection,2023-01-27 15:38:45.758013
230,audio,rosary,2023-07-31 21:08:01.479035
231,audio,reflection,2023-10-23 10:32:13.748624
232,audio,lectio_divina,2023-05-05 12:36:10.927594
233,audio,reflection,2023-08-05 12:36:29.293448
234,text,podcast,2023-02-04 03:59:29.102084
235,audio,rosary,2023-05-03 01:24:25.827872
236,audio,reflection,2023-05-22 16:54:11.879405
237,audio,rosary,2023-12-20 18:05:35.296359
238,audio,reflection,2023-01-18 18:46:09.135325
239,audio,rosary,2023-05-10 12:20:36.273436
240,video,academic,2023-12-13 02:13:09.231194
241,audio,reflection,2023-08-19 20:10:39.979557
242,audio,rosary,2023-11-11 18:16:07.688139
243,text,reflection,2023-05-01 08:03:22.354377
244,audio,lectio_divina,2023-03-01 09:35:46.668349
245,video,rosary,2023-11-22 04:32:44.594111
246,audio,rosary,2023-05-12 05:07:17.661919
247,audio,rosary,2023-08-03 10:31:53.885987
248,audio,rosary,2023-03-12 05:12:13.364637
249,audio,rosary,2023-12-15 00:17:16.545122
250,audio,reflection,2023-05-02 01:31:18.117635
251,audio,rosary,2023-12-09 15:40:37.696299
252,video,rosary,2023-06-12 16:06:40.335525
253,video,reflection,2023-09-19 10:27:39.555764
254,video,rosary,2023-08-04 13:10:35.876603
255,video,podcast,2023-01-17 15:47:19.803398
256,audio,reflection,2023-12-10 11:11:34.322495
257,video,lectio_divina,2023-08-05 00:08:01.206207
258,audio,meditation,2023-03-06 21:31:11.202501
259,audio,rosary,2023-07-30 17:14:20.568655
260,audio,rosary,2023-02-03 03:47:37.804208
261,audio,rosary,2023-09-08 21:50:28.609746
262,audio,lectio_divina,2023-12-21 05:57:07.194709
263,audio,reflection,2023-10-02 00:53:00.147951
264,video,rosary,2023-09-05 11:23:48.264989
265,audio,lectio_divina,2023-03-14 15:27:54.156732
266,audio,lectio_divina,2023-11-10 08:55:14.571605
267,video,reflection,2023-01-30 11:13:05.043514
268,audio,rosary,2023-06-25 20:42:04.726969
269,video,podcast,2023-11-03 14:14:43.444447
270,audio,reflection,2023-05-09 19:09:01.910804
271,audio,academic,2023-01-31 15:26:34.894991
272,audio,rosary,2023-06-06 12:30:16.630345
273,video,meditation,2023-02-17 07:37:26.433983
274,audio,reflection,2023-01-11 07:12:29.602687
275,audio,reflection,2023-09-08 09:06:52.549366
276,video,rosary,2023-05-05 05:44:04.730445
277,video,rosary,2023-12-28 21:19:57.180573
278,video,lectio_divina,2023-10-15 15:12:55.021035
279,audio,academic,2023-11-11 12:42:13.340614
280,audio,reflection,2023-11-18 08:57:36.443492
281,video,podcast,2023-02-09 17:14:12.026284
282,audio,reflection,2023-12-26 05:23:14.764935
283,audio,rosary,2023-07-03 13:41:12.289634
284,audio,rosary,2023-03-31 12:56:43.183579
285,audio,academic,2023-09-26 16:00:16.329551
286,audio,lectio_divina,2023-07-31 11:02:15.608916
287,audio,meditation,2023-03-26 07:58:45.835212
288,video,rosary,2023-05-02 07:03:17.124069
289,audio,reflection,2023-04-01 04:28:28.362941
290,video,rosary,2023-09-17 12:10:46.851926
291,video,rosary,2023-02-28 09:01:55.17306
292,video,rosary,2023-07-29 17:36:40.502428
293,audio,lectio_divina,2023-10-06 10:04:21.296489
294,audio,reflection,2023-01-23 18:39:24.93022
295,audio,rosary,2023-01-19 01:20:22.9652
296,video,lectio_divina,2023-02-16 18:18:33.459785
297,video,podcast,2023-12-16 08:14:17.073496
298,audio,reflection,2023-08-07 15:39:04.716193
299,audio,rosary,2023-09-06 16:20:28.343814
300,audio,lectio_divina,2023-08-18 11:24:13.358635
301,video,meditation,2023-09-29 01:56:27.837833
302,audio,reflection,2023-05-06 14:24:06.046488
303,audio,rosary,2023-07-30 21:59:59.374068
304,audio,reflection,2023-02-15 20:31:03.301977
305,audio,lectio_divina,2023-07-31 13:37:15.482595
306,audio,rosary,2023-05-20 12:13:59.042437
307,video,reflection,2023-01-20 14:50:27.37276
308,audio,lectio_divina,2023-10-16 19:46:04.877541
309,video,reflection,2023-07-11 16:46:37.403115
310,video,reflection,2023-06-25 16:40:25.955941
311,audio,meditation,2023-11-20 20:49:25.142819
312,audio,lectio_divina,2023-06-01 01:09:23.853241
313,text,reflection,2023-07-16 02:56:24.762176
314,audio,lectio_divina,2023-11-15 02:03:04.072017
315,audio,podcast,2023-06-08 04:00:35.141296
316,text,rosary,2023-12-24 12:03:40.39453
317,audio,lectio_divina,2023-03-07 22:34:57.308357
318,audio,reflection,2023-02-24 18:35:04.26572
319,video,rosary,2023-05-29 19:44:36.372852
320,audio,podcast,2023-02-20 12:42:38.839665
321,video,reflection,2023-04-06 03:14:59.07247
322,video,podcast,2023-03-02 18:26:50.255934
323,audio,podcast,2023-12-14 17:11:01.768381
324,audio,rosary,2023-09-20 07:14:43.285446
325,audio,reflection,2023-06-02 10:41:42.374791
326,audio,rosary,2023-12-19 04:48:57.993354
327,audio,rosary,2023-09-26 04:14:13.213392
328,text,lectio_divina,2023-03-18 13:21:31.712353
329,audio,rosary,2023-12-25 23:21:38.777273
330,audio,lectio_divina,2023-12-15 09:43:46.476701
331,audio,meditation,2023-06-24 16:41:38.790531
332,audio,rosary,2023-03-11 06:44:02.25941
333,audio,lectio_divina,2023-01-30 05:18:39.540141
334,audio,rosary,2023-11-21 14:52:30.482001
335,text,rosary,2023-10-19 07:29:02.470432
336,audio,rosary,2023-03-22 06:16:43.170818
337,video,lectio_divina,2023-05-30 23:58:39.422569
338,audio,reflection,2023-11-19 14:18:43.01518
339,audio,reflection,2023-09-28 03:45:11.447712
340,audio,lectio_divina,2023-12-16 01:26:04.777629
341,audio,podcast,2023-05-07 23:33:33.759054
342,video,rosary,2023-07-03 01:04:06.780779
343,audio,lectio_divina,2023-09-29 04:07:33.403591
344,audio,rosary,2023-04-07 19:09:40.326872
345,video,rosary,2023-02-07 09:40:52.986631
346,video,reflection,2023-03-22 12:04:30.745756
347,audio,reflection,2023-05-04 13:17:45.912439
348,video,reflection,2023-12-05 14:28:03.201047
349,text,reflection,2023-06-07 12:56:12.340328
350,audio,lectio_divina,2023-09-03 01:49:07.21281
351,audio,meditation,2023-08-01 00:34:28.843791
352,video,podcast,2023-06-24 20:17:40.827676
353,audio,podcast,2023-01-18 15:33:13.700987
354,audio,podcast,2023-02-13 09:15:38.925126
355,video,rosary,2023-01-24 05:02:16.993972
356,audio,academic,2023-01-24 20:09:54.779313
357,audio,lectio_divina,2023-12-24 03:11:42.542484
358,video,rosary,2023-06-19 07:50:01.919132
359,audio,academic,2023-05-25 23:17:47.972588
360,audio,rosary,2023-07-21 07:57:00.841171
361,audio,rosary,2023-09-16 08:57:58.316765
362,text,lectio_divina,2023-01-04 01:51:37.756235
363,audio,reflection,2023-08-01 21:48:51.694635
364,audio,rosary,2023-09-10 23:32:37.212875
365,audio,lectio_divina,2023-02-27 01:32:13.435468
366,text,rosary,2023-04-10 11:55:35.265975
367,audio,lectio_divina,2023-05-10 11:55:48.946104
368,audio,rosary,2023-07-04 17:01:27.007675
369,audio,rosary,2023-08-19 11:26:43.859044
370,audio,rosary,2023-05-13 05:25:55.371252
371,audio,academic,2023-10-10 13:44:35.522985
372,audio,reflection,2023-11-06 16:56:09.957605
373,audio,reflection,2023-11-12 16:20:41.706865
374,audio,academic,2023-04-01 11:50:03.86726
375,audio,lectio_divina,2023-03-25 23:46:12.869774
376,audio,lectio_divina,2023-06-08 21:30:32.274462
377,audio,rosary,2023-05-02 20:20:25.935898
378,audio,rosary,2023-03-13 05:39:56.233398
379,audio,lectio_divina,2023-10-16 01:15:53.029807
380,audio,reflection,2023-05-28 14:34:33.012189
381,video,rosary,2023-12-05 16:33:06.196658
382,audio,lectio_divina,2023-09-04 15:37:42.111003
383,video,podcast,2023-05-14 16:21:11.851824
384,video,lectio_divina,2023-10-22 12:59:59.627939
385,audio,podcast,2023-06-28 23:06:36.570964
386,audio,rosary,2023-08-31 18:59:47.142925
387,video,rosary,2023-05-07 14:59:23.093017
388,video,reflection,2023-06-24 06:00:27.792387
389,audio,lectio_divina,2023-04-17 14:39:06.904775
390,audio,rosary,2023-07-10 10:00:51.171681
391,audio,rosary,2023-10-07 13:44:49.569014
392,audio,lectio_divina,2023-08-08 11:50:19.56362
393,audio,rosary,2023-08-29 12:53:57.194031
394,audio,rosary,2023-05-12 10:45:37.688872
395,video,rosary,2023-03-16 05:25:21.667855
396,video,lectio_divina,2023-05-31 21:11:36.597515
397,audio,lectio_divina,2023-01-20 18:51:13.273958
398,audio,podcast,2023-07-20 00:36:47.986792
399,video,meditation,2023-01-07 03:25:35.280317
400,audio,lectio_divina,2023-05-04 11:01:24.940806
401,audio,lectio_divina,2023-12-31 00:26:54.683668
402,audio,rosary,2023-07-17 13:47:44.97651
403,video,rosary,2023-01-17 04:45:53.622753
404,audio,reflection,2023-03-03 05:48:03.66724
405,video,reflection,2023-04-25 01:24:41.657168
406,audio,rosary,2023-04-14 06:47:52.601404
407,audio,podcast,2023-12-30 04:55:35.860888
408,audio,lectio_divina,2023-02-09 04:33:29.604768
409,video,lectio_divina,2023-03-04 03:04:06.498372
410,audio,lectio_divina,2023-01-08 08:52:42.19818
411,audio,rosary,2023-01-07 12:59:38.407761
412,audio,lectio_divina,2023-07-24 09:12:35.685114
413,video,lectio_divina,2023-10-26 07:34:30.026223
414,video,rosary,2023-02-02 17:41:07.651884
415,audio,rosary,2023-01-08 02:11:35.18436
416,audio,podcast,2023-09-01 00:40:32.857056
417,audio,reflection,2023-01-26 05:45:46.48407
418,audio,reflection,2023-03-19 04:17:01.614281
419,audio,rosary,2023-01-06 04:04:40.168718
420,audio,lectio_divina,2023-04-08 16:28:04.707454
421,video,reflection,2023-12-31 08:44:24.730054
422,audio,reflection,2023-03-21 19:25:09.310648
423,audio,academic,2023-01-28 14:25:21.055835
424,audio,lectio_divina,2023-09-18 00:05:15.204779
425,video,lectio_divina,2023-03-13 21:02:02.288242
426,text,rosary,2023-02-02 13:22:33.299531
427,text,lectio_divina,2023-05-20 11:49:03.285311
428,audio,reflection,2023-06-14 18:08:36.404852
429,audio,podcast,2023-08-16 01:34:48.060753
430,audio,lectio_divina,2023-03-18 02:50:53.194798
431,audio,podcast,2023-11-18 03:49:04.651363
432,video,reflection,2023-03-22 07:16:31.8884
433,audio,podcast,2023-06-24 15:54:57.830279
434,video,rosary,2023-02-26 02:36:02.632779
435,text,reflection,2023-11-24 14:05:14.944396
436,audio,reflection,2023-04-19 11:17:58.74248
437,video,rosary,2023-08-20 11:16:46.06588
438,audio,reflection,2023-12-16 21:27:48.867926
439,audio,academic,2023-05-28 03:51:17.191682
440,audio,rosary,2023-11-27 16:18:33.081833
441,audio,reflection,2023-08-09 05:44:33.224604
442,video,reflection,2023-12-03 02:41:15.840876
443,audio,lectio_divina,2023-08-10 17:08:34.322183
444,audio,academic,2023-08-24 09:39:22.208294
445,audio,rosary,2023-07-31 05:51:10.832035
446,video,rosary,2023-04-11 01:54:37.532335
447,audio,reflection,2023-01-02 09:30:32.276297
448,text,lectio_divina,2023-06-12 14:35:13.48587
449,audio,reflection,2023-11-23 19:17:45.1707
450,video,reflection,2023-10-18 10:38:41.496599
451,video,rosary,2023-09-26 14:28:03.407319
452,audio,rosary,2023-06-14 17:57:39.256853
453,audio,rosary,2023-12-28 15:29:35.887841
454,audio,reflection,2023-06-25 13:49:52.762382
455,audio,rosary,2023-07-23 06:55:46.01768
456,audio,rosary,2023-01-31 16:28:37.896063
457,video,rosary,2023-12-02 06:32:31.073917
458,video,rosary,2023-05-03 21:24:39.951001
459,audio,academic,2023-07-24 21:22:37.229767
460,video,reflection,2023-07-20 11:01:33.64748
461,audio,rosary,2023-09-16 13:32:15.875496
462,video,rosary,2023-12-05 12:53:05.197258
463,audio,rosary,2023-07-14 02:12:03.231985
464,audio,lectio_divina,2023-11-20 14:28:53.267776
465,audio,rosary,2023-06-23 10:59:31.405383
466,video,rosary,2023-10-27 04:44:00.98767
467,video,reflection,2023-10-16 20:22:04.784173
468,audio,reflection,2023-06-04 02:34:48.801048
469,audio,rosary,2023-09-04 17:46:41.117483
470,audio,podcast,2023-06-07 04:34:22.683649
471,video,academic,2023-03-21 03:55:32.789001
472,video,lectio_divina,2023-11-21 17:28:48.258388
473,video,reflection,2023-05-14 17:37:56.121153
474,audio,rosary,2023-07-22 12:27:07.057332
475,audio,reflection,2023-03-25 06:16:12.300682
476,audio,rosary,2023-06-12 21:24:50.188733
477,video,reflection,2023-07-05 10:32:43.473897
478,audio,lectio_divina,2023-10-15 04:59:46.233589
479,audio,rosary,2023-01-04 17:47:11.503819
480,audio,academic,2023-03-31 16:32:36.629579
481,audio,rosary,2023-04-15 11:32:48.133072
482,audio,meditation,2023-01-08 02:02:39.554356
483,text,reflection,2023-06-09 21:42:00.431677
484,audio,lectio_divina,2023-11-28 04:57:58.793726
485,audio,podcast,2023-09-26 05:09:52.263428
486,audio,rosary,2023-07-04 15:55:09.552156
487,audio,podcast,2023-09-18 19:12:38.391258
488,text,lectio_divina,2023-01-06 06:07:37.968904
489,video,rosary,2023-01-24 04:04:13.916452
490,video,reflection,2023-08-28 02:22:42.771617
491,audio,lectio_divina,2023-07-14 03:09:49.861797
492,audio,lectio_divina,2023-07-17 21:58:10.605708
493,audio,rosary,2023-08-22 22:59:20.198684
494,audio,rosary,2023-02-03 03:00:30.138202
495,audio,rosary,2023-06-09 03:07:49.437265
496,video,rosary,2023-01-31 17:15:20.794504
497,video,rosary,2023-03-28 01:13:58.67137
498,audio,reflection,2023-06-17 01:11:01.898323
499,video,lectio_divina,2023-02-02 20:15:45.281244
500,audio,reflection,2023-01-09 19:48:01.457295
501,audio,rosary,2023-11-02 11:48:57.498036
502,audio,rosary,2023-10-16 22:47:10.047119
503,audio,lectio_divina,2023-01-08 13:22:34.852324
504,audio,reflection,2023-03-19 12:16:25.050874
505,audio,reflection,2023-06-06 18:04:28.097939
506,audio,academic,2023-04-20 08:36:02.506012
507,audio,academic,2023-05-01 11:51:27.098193
508,audio,rosary,2023-07-03 09:04:59.22083
509,audio,lectio_divina,2023-04-25 16:03:39.733807
510,audio,rosary,2023-11-12 19:51:15.228316
511,audio,rosary,2023-05-05 22:43:22.170674
512,video,podcast,2023-02-24 04:32:19.14197
513,audio,reflection,2023-02-08 11:21:50.031152
514,audio,rosary,2023-08-20 17:20:32.158046
515,audio,podcast,2023-03-31 14:46:49.576753
516,audio,rosary,2023-05-26 14:44:46.373324
517,audio,lectio_divina,2023-07-28 04:03:46.284643
518,video,reflection,2023-06-02 11:52:25.132776
519,video,lectio_divina,2023-11-23 02:15:26.986287
520,audio,podcast,2023-12-13 03:49:44.807446
521,audio,podcast,2023-04-11 20:20:44.805001
522,audio,lectio_divina,2023-11-30 20:26:45.46226
523,text,rosary,2023-12-20 02:39:46.092422
524,audio,rosary,2023-02-06 03:00:05.433872
525,audio,reflection,2023-04-01 18:09:09.159993
526,video,rosary,2023-02-13 17:35:49.566688
527,audio,academic,2023-11-02 20:41:27.428111
528,video,reflection,2023-05-03 19:48:45.421848
529,audio,rosary,2023-07-18 11:57:37.990594
530,text,meditation,2023-05-11 22:04:01.257747
531,video,podcast,2023-06-03 02:12:31.568959
532,video,rosary,2023-06-02 13:52:37.001311
533,audio,academic,2023-05-28 11:57:16.110146
534,audio,academic,2023-05-06 16:22:12.002993
535,video,reflection,2023-05-01 23:10:19.909026
536,audio,meditation,2023-09-22 10:53:14.257984
537,audio,reflection,2023-07-04 23:05:31.686432
538,text,lectio_divina,2023-03-18 17:03:49.148507
539,audio,lectio_divina,2023-08-03 05:06:39.487753
540,video,lectio_divina,2023-09-01 21:20:22.988738
541,text,lectio_divina,2023-04-09 06:55:42.226762
542,video,rosary,2023-12-17 05:09:58.277986
543,audio,lectio_divina,2023-08-14 07:00:05.515559
544,video,reflection,2023-06-15 08:08:34.71712
545,audio,lectio_divina,2023-07-24 12:21:29.950063
546,audio,reflection,2023-08-29 18:06:39.07161
547,audio,rosary,2023-02-12 21:15:35.971635
548,video,reflection,2023-01-18 00:35:18.658192
549,audio,rosary,2023-12-09 22:36:42.866972
550,audio,reflection,2023-01-19 23:26:42.186959
551,video,rosary,2023-07-22 18:02:42.661243
552,audio,rosary,2023-10-07 11:34:28.934661
553,audio,podcast,2023-11-04 03:16:03.035335
554,video,rosary,2023-01-14 17:26:39.187571
555,video,academic,2023-09-17 21:19:53.063889
556,video,rosary,2023-11-11 14:37:00.395227
557,audio,academic,2023-01-29 16:07:09.886612
558,audio,rosary,2023-10-24 00:25:02.336019
559,audio,academic,2023-08-14 13:36:38.688058
560,audio,reflection,2023-06-07 08:38:46.34587
561,audio,rosary,2023-01-19 10:42:03.653526
562,video,lectio_divina,2023-12-15 00:24:37.370886
563,audio,rosary,2023-05-11 15:09:45.547487
564,audio,rosary,2023-09-16 00:03:49.212218
565,audio,rosary,2023-10-24 07:35:14.273491
566,audio,reflection,2023-04-04 23:47:39.561917
567,video,lectio_divina,2023-09-30 01:38:44.515359
568,audio,rosary,2023-04-05 19:28:13.622565
569,video,academic,2023-02-22 21:46:14.007333
570,audio,reflection,2023-06-22 22:36:13.272626
571,video,rosary,2023-03-12 22:39:48.904969
572,audio,rosary,2023-04-16 06:43:53.35076
573,audio,rosary,2023-05-20 17:53:29.531027
574,video,rosary,2023-08-19 14:57:02.739884
575,audio,podcast,2023-04-04 05:12:06.108941
576,video,reflection,2023-06-08 08:02:26.118151
577,audio,rosary,2023-08-12 14:00:28.493932
578,audio,meditation,2023-06-17 13:20:00.243941
579,audio,lectio_divina,2023-06-16 05:00:29.209232
580,audio,rosary,2023-01-28 10:04:45.780634
581,audio,lectio_divina,2023-09-28 06:38:51.116449
582,audio,rosary,2023-07-03 16:09:44.449976
583,audio,academic,2023-06-23 04:48:01.55631
584,audio,reflection,2023-03-16 09:20:38.009646
585,video,meditation,2023-08-17 12:21:12.744328
586,audio,reflection,2023-10-13 03:12:08.058577
587,audio,academic,2023-07-13 15:21:35.737777
588,video,lectio_divina,2023-07-25 04:16:38.616893
589,audio,lectio_divina,2023-07-04 16:43:41.429159
590,audio,podcast,2023-12-20 19:45:07.726633
591,audio,lectio_divina,2023-02-17 14:29:07.445579
592,video,lectio_divina,2023-06-07 08:52:14.10847
593,audio,academic,2023-08-16 06:38:04.158924
594,audio,rosary,2023-07-11 15:15:27.097571
595,video,rosary,2023-08-28 04:44:17.384098
596,audio,rosary,2023-04-07 00:22:20.083216
597,text,rosary,2023-07-06 12:59:08.890983
598,text,rosary,2023-11-06 06:24:24.813263
599,audio,reflection,2023-01-17 23:31:01.867007
600,audio,rosary,2023-06-04 19:34:52.993638
601,video,reflection,2023-08-01 02:11:21.713177
602,audio,reflection,2023-01-19 07:05:08.084238
603,text,lectio_divina,2023-05-12 01:41:14.493762
604,text,reflection,2023-11-26 23:51:28.916489
605,audio,lectio_divina,2023-05-09 01:13:07.739054
606,audio,rosary,2023-09-11 15:04:21.818324
607,video,lectio_divina,2023-03-15 11:07:44.088706
608,audio,reflection,2023-08-06 04:53:10.652274
609,audio,rosary,2023-04-01 05:13:38.733542
610,audio,lectio_divina,2023-04-06 16:19:21.993359
611,video,lectio_divina,2023-01-12 11:29:45.770488
612,audio,rosary,2023-08-11 23:58:38.506998
613,audio,meditation,2023-11-25 12:12:33.400381
614,audio,reflection,2023-07-30 08:58:14.686545
615,audio,reflection,2023-06-29 22:22:16.897499
616,audio,reflection,2023-07-25 07:25:16.802091
617,audio,rosary,2023-08-03 22:48:56.417723
618,audio,rosary,2023-08-19 07:38:48.413282
619,audio,lectio_divina,2023-07-07 03:23:12.817081
620,video,reflection,2023-02-23 22:00:29.988132
621,video,reflection,2023-03-29 05:49:36.643954
622,audio,rosary,2023-03-17 12:28:39.50986
623,audio,rosary,2023-06-08 06:45:42.547804
624,audio,reflection,2023-10-14 05:10:48.299343
625,audio,lectio_divina,2023-12-12 00:50:28.415712
626,video,rosary,2023-01-20 08:18:54.403281
627,audio,rosary,2023-09-18 01:53:39.317372
628,audio,rosary,2023-01-27 15:08:34.103828
629,text,reflection,2023-05-06 15:26:30.862663
630,video,lectio_divina,2023-10-23 08:13:49.577562
631,audio,rosary,2023-04-26 04:30:47.960438
632,video,lectio_divina,2023-11-19 08:11:44.58335
633,audio,rosary,2023-10-13 13:11:42.320598
634,audio,rosary,2023-12-17 02:26:22.921863
635,video,lectio_divina,2023-07-27 00:43:27.252364
636,audio,podcast,2023-01-24 18:00:25.086196
637,audio,rosary,2023-09-17 19:44:53.157969
638,audio,reflection,2023-05-31 04:53:17.517777
639,audio,rosary,2023-03-10 11:32:48.279111
640,video,academic,2023-03-20 17:27:16.999904
641,video,rosary,2023-05-28 19:25:06.622255
642,audio,reflection,2023-04-26 16:23:35.080454
643,video,reflection,2023-10-24 02:55:47.364704
644,audio,rosary,2023-04-21 10:39:48.133166
645,text,podcast,2023-07-09 19:46:41.126746
646,audio,rosary,2023-08-17 13:50:50.90976
647,audio,lectio_divina,2023-03-24 19:17:32.902408
648,video,reflection,2023-10-25 05:03:26.820953
649,audio,lectio_divina,2023-01-10 13:52:27.262095
650,video,reflection,2023-05-16 12:52:11.963896
651,audio,reflection,2023-10-01 15:01:06.618201
652,audio,rosary,2023-07-26 19:23:54.738555
653,audio,rosary,2023-03-15 02:18:44.401977
654,audio,reflection,2023-05-12 21:49:51.505672
655,audio,lectio_divina,2023-07-30 05:38:30.058033
656,audio,academic,2023-05-19 22:32:13.831052
657,audio,rosary,2023-02-25 15:03:35.97493
658,video,podcast,2023-07-10 15:20:29.107503
659,audio,reflection,2023-03-23 09:05:22.508296
660,video,rosary,2023-07-08 08:18:29.71784
661,video,rosary,2023-07-05 05:43:18.510029
662,audio,reflection,2023-06-01 05:21:44.477176
663,video,podcast,2023-03-27 18:49:04.117422
664,audio,rosary,2023-09-23 14:51:50.08881
665,audio,podcast,2023-03-22 16:48:45.03449
666,audio,reflection,2023-11-04 19:29:57.000912
667,audio,meditation,2023-12-20 23:15:31.231214
668,video,rosary,2023-07-27 12:10:13.349838
669,audio,lectio_divina,2023-06-16 10:04:56.334741
670,text,lectio_divina,2023-09-21 17:59:47.348052
671,audio,lectio_divina,2023-08-27 18:33:57.808629
672,audio,podcast,2023-05-31 01:56:51.759041
673,audio,lectio_divina,2023-08-09 19:21:26.467815
674,audio,lectio_divina,2023-06-10 07:19:00.0126
675,audio,reflection,2023-11-08 02:52:55.903187
676,video,lectio_divina,2023-03-03 06:55:48.462048
677,audio,podcast,2023-06-15 04:31:50.419352
678,audio,reflection,2023-11-30 20:55:24.381567
679,audio,reflection,2023-02-05 23:59:13.18819
680,audio,reflection,2023-11-12 02:23:31.76918
681,audio,lectio_divina,2023-11-17 21:13:18.635376
682,audio,podcast,2023-04-07 22:19:27.689662
683,audio,podcast,2023-12-12 10:23:54.942594
684,audio,reflection,2023-08-26 06:58:36.312558
685,audio,reflection,2023-11-13 04:24:44.869052
686,audio,reflection,2023-08-02 05:36:41.793373
687,video,reflection,2023-06-20 16:04:23.873139
688,audio,lectio_divina,2023-12-11 11:04:15.992018
689,audio,podcast,2023-03-28 21:09:33.548782
690,audio,meditation,2023-08-04 15:04:13.802784
691,text,reflection,2023-12-26 01:45:44.1468
692,audio,lectio_divina,2023-11-14 08:37:04.023798
693,video,academic,2023-10-24 07:23:35.969296
694,audio,rosary,2023-05-13 14:57:11.252938
695,video,podcast,2023-11-27 00:43:53.992852
696,audio,rosary,2023-03-21 19:33:56.722389
697,audio,rosary,2023-04-22 04:20:47.147899
698,video,reflection,2023-03-21 10:11:33.816521
699,audio,reflection,2023-03-01 13:32:08.759467
700,video,lectio_divina,2023-08-04 13:54:31.43499
701,audio,reflection,2023-04-08 10:08:24.228019
702,audio,rosary,2023-02-09 19:01:00.999083
703,audio,meditation,2023-11-04 22:17:47.896663
704,audio,rosary,2023-05-14 03:06:18.411401
705,video,rosary,2023-06-06 06:30:31.864924
706,audio,lectio_divina,2023-04-03 18:37:10.800002
707,video,reflection,2023-08-05 10:18:17.885815
708,text,rosary,2023-01-01 19:17:59.539035
709,audio,lectio_divina,2023-08-29 14:54:47.201413
710,audio,reflection,2023-12-30 00:17:29.132395
711,audio,rosary,2023-02-27 00:03:08.30635
712,audio,meditation,2023-03-27 13:53:24.022927
713,audio,academic,2023-02-22 07:17:01.981401
714,audio,reflection,2023-05-17 01:32:04.71804
715,text,reflection,2023-04-17 18:23:53.442471
716,video,rosary,2023-11-29 05:18:17.537921
717,audio,rosary,2023-10-14 03:15:45.833035
718,audio,podcast,2023-08-26 19:57:22.138281
719,audio,lectio_divina,2023-04-19 10:16:26.071829
720,audio,rosary,2023-03-10 21:32:50.689295
721,audio,reflection,2023-03-18 13:46:32.435375
722,audio,lectio_divina,2023-02-22 18:41:33.52657
723,audio,meditation,2023-07-23 05:28:01.151984
724,audio,rosary,2023-04-17 14:34:47.843694
725,video,podcast,2023-12-26 18:05:29.207122
726,video,meditation,2023-07-29 08:08:12.460174
727,audio,reflection,2023-03-17 16:55:04.584747
728,audio,rosary,2023-09-27 03:40:29.859512
729,audio,lectio_divina,2023-08-26 02:52:05.649667
730,video,rosary,2023-04-24 05:53:22.58819
731,video,meditation,2023-05-12 19:48:24.40975
732,audio,podcast,2023-12-18 17:22:55.572987
733,audio,rosary,2023-02-04 09:15:38.26885
734,audio,podcast,2023-07-21 12:44:40.256245
735,video,podcast,2023-04-05 19:01:40.598916
736,video,podcast,2023-01-17 10:26:42.891797
737,audio,rosary,2023-09-10 00:30:08.134492
738,audio,rosary,2023-09-27 08:28:05.512554
739,audio,lectio_divina,2023-07-05 22:28:08.124483
740,audio,podcast,2023-06-03 08:48:12.923503
741,audio,lectio_divina,2023-04-06 19:00:38.585152
742,audio,academic,2023-10-01 01:16:32.980705
743,video,rosary,2023-11-19 11:17:45.189206
744,audio,lectio_divina,2023-09-07 01:16:16.901146
745,audio,rosary,2023-07-18 23:13:33.934093
746,video,rosary,2023-09-16 23:06:06.825731
747,video,reflection,2023-04-16 12:32:50.492706
748,audio,reflection,2023-10-25 20:40:46.272853
749,audio,rosary,2023-12-31 07:02:15.584954
750,video,rosary,2023-07-22 01:02:43.198
751,audio,reflection,2023-11-07 02:16:05.127437
752,video,lectio_divina,2023-08-03 16:00:49.848316
753,audio,lectio_divina,2023-01-30 09:16:08.6785
754,audio,rosary,2023-10-01 05:51:35.144148
755,audio,rosary,2023-05-12 06:40:39.432911
756,audio,rosary,2023-06-19 05:04:08.212857
757,audio,reflection,2023-08-05 08:26:57.74538
758,text,reflection,2023-09-09 10:13:59.814617
759,audio,rosary,2023-11-14 23:57:03.493788
760,video,podcast,2023-04-03 12:08:27.886515
761,video,lectio_divina,2023-08-15 07:35:07.380169
762,video,rosary,2023-03-09 02:15:26.572529
763,video,reflection,2023-08-14 02:17:23.231184
764,video,lectio_divina,2023-07-27 06:09:04.965736
765,video,podcast,2023-11-04 16:22:28.767108
766,audio,rosary,2023-10-06 08:02:49.499192
767,audio,podcast,2023-10-09 07:38:26.670129
768,text,reflection,2023-08-04 22:20:18.818062
769,audio,rosary,2023-04-09 01:15:02.544728
770,audio,lectio_divina,2023-04-07 06:48:55.194205
771,audio,reflection,2023-09-15 15:19:43.173895
772,audio,reflection,2023-09-21 04:21:02.201074
773,audio,rosary,2023-05-27 00:43:42.849718
774,audio,lectio_divina,2023-02-10 15:47:39.646553
775,audio,rosary,2023-08-08 09:22:17.583857
776,video,reflection,2023-08-09 04:58:27.515805
777,audio,rosary,2023-01-15 11:56:11.159162
778,audio,rosary,2023-06-07 18:42:07.145272
779,audio,rosary,2023-10-26 07:58:23.039647
780,audio,podcast,2023-10-02 21:46:42.283077
781,audio,reflection,2023-12-31 23:09:49.353322
782,audio,reflection,2023-04-04 01:51:11.140067
783,audio,meditation,2023-05-22 06:06:53.807213
784,audio,reflection,2023-01-16 10:13:18.246883
785,video,rosary,2023-12-24 12:10:34.360215
786,audio,reflection,2023-06-23 04:04:53.311575
787,text,podcast,2023-07-09 05:52:12.558462
788,audio,meditation,2023-09-17 12:30:56.974644
789,audio,lectio_divina,2023-07-27 07:02:12.69831
790,audio,reflection,2023-08-12 16:30:25.855932
791,video,rosary,2023-07-12 19:14:26.858301
792,audio,lectio_divina,2023-04-18 22:18:07.402413
793,audio,rosary,2023-04-01 16:05:24.157286
794,text,reflection,2023-06-06 11:32:58.509675
795,audio,rosary,2023-06-26 05:59:59.989051
796,audio,podcast,2023-05-07 01:10:41.033242
797,audio,reflection,2023-11-11 16:31:37.621966
798,audio,lectio_divina,2023-05-23 22:45:05.98558
799,video,rosary,2023-09-28 23:55:18.23432
800,audio,podcast,2023-04-19 17:12:42.116667
801,audio,reflection,2023-02-12 18:00:23.650597
802,text,rosary,2023-08-24 18:21:12.890001
803,audio,rosary,2023-12-09 05:57:33.138041
804,audio,rosary,2023-08-22 06:29:33.334424
805,audio,podcast,2023-10-08 23:47:44.731348
806,audio,rosary,2023-10-17 01:04:33.282682
807,audio,rosary,2023-10-06 05:15:46.727697
808,video,rosary,2023-02-19 09:44:45.535065
809,audio,rosary,2023-08-14 21:24:33.785976
810,audio,reflection,2023-12-30 10:39:19.276619
811,audio,academic,2023-07-24 21:23:19.180098
812,audio,rosary,2023-05-01 18:54:03.527968
813,audio,reflection,2023-11-11 19:22:22.528428
814,audio,rosary,2023-10-15 08:10:13.003821
815,audio,reflection,2023-12-22 23:22:31.659676
816,audio,reflection,2023-10-25 00:30:59.406514
817,audio,rosary,2023-10-31 05:20:56.911348
818,text,reflection,2023-09-02 20:18:38.013035
819,audio,lectio_divina,2023-02-17 08:15:40.675338
820,video,reflection,2023-11-12 08:10:21.755754
821,text,reflection,2023-08-04 11:32:48.988339
822,audio,lectio_divina,2023-08-19 03:58:28.126331
823,video,rosary,2023-10-22 21:02:12.532282
824,audio,academic,2023-11-28 00:55:45.01581
825,audio,lectio_divina,2023-06-13 04:24:10.728273
826,audio,podcast,2023-12-16 21:42:51.645569
827,video,reflection,2023-06-10 17:08:39.400532
828,audio,lectio_divina,2023-03-21 14:16:25.514026
829,audio,rosary,2023-09-29 04:57:12.372861
830,text,meditation,2023-06-21 15:32:30.606278
831,audio,rosary,2023-11-13 03:37:55.066421
832,audio,lectio_divina,2023-11-28 12:15:09.422259
833,audio,reflection,2023-11-23 09:23:58.817046
834,audio,podcast,2023-01-07 02:32:11.722907
835,audio,lectio_divina,2023-09-21 07:30:53.06046
836,audio,rosary,2023-10-20 15:06:23.403979
837,audio,podcast,2023-08-19 18:24:10.46237
838,audio,reflection,2023-08-17 11:05:10.573898
839,text,reflection,2023-02-17 08:55:25.490384
840,audio,rosary,2023-05-21 22:42:45.105859
841,audio,reflection,2023-08-02 00:34:47.230277
842,text,lectio_divina,2023-05-21 16:48:10.357883
843,audio,rosary,2023-10-10 16:52:27.556852
844,audio,reflection,2023-11-29 17:47:35.431418
845,audio,rosary,2023-03-05 23:19:48.61696
846,audio,meditation,2023-03-15 02:33:39.618859
847,audio,meditation,2023-05-21 07:30:14.216028
848,audio,reflection,2023-09-13 12:10:15.406435
849,audio,lectio_divina,2023-02-24 12:26:08.333194
850,video,lectio_divina,2023-10-06 08:55:28.396657
851,audio,rosary,2023-08-20 14:48:10.208797
852,audio,rosary,2023-04-13 06:48:05.217482
853,video,rosary,2023-11-24 03:06:22.086977
854,audio,reflection,2023-01-01 15:07:54.169572
855,audio,rosary,2023-06-29 06:32:06.416005
856,audio,podcast,2023-07-17 08:14:57.216772
857,audio,rosary,2023-05-03 07:32:09.68302
858,audio,podcast,2023-12-08 10:46:20.788086
859,audio,academic,2023-08-09 16:06:05.810133
860,video,lectio_divina,2023-05-22 05:18:31.786307
861,audio,academic,2023-04-09 19:50:44.629431
862,audio,reflection,2023-04-18 14:24:54.27078
863,text,reflection,2023-12-18 17:47:05.351651
864,audio,rosary,2023-04-23 06:15:31.361774
865,video,rosary,2023-02-15 07:05:20.502462
866,audio,rosary,2023-03-16 21:21:08.420402
867,audio,meditation,2023-08-31 04:14:56.036142
868,audio,rosary,2023-07-04 21:47:47.51116
869,audio,rosary,2023-12-11 08:17:17.156365
870,audio,rosary,2023-12-01 02:26:16.574115
871,audio,podcast,2023-05-03 22:48:47.229645
872,audio,reflection,2023-02-09 13:14:25.02715
873,video,reflection,2023-04-08 06:09:06.959413
874,audio,rosary,2023-05-01 17:00:08.138161
875,audio,academic,2023-01-31 21:04:44.01971
876,text,reflection,2023-03-16 01:23:49.390107
877,audio,academic,2023-03-19 20:17:26.134715
878,text,reflection,2023-06-13 15:48:15.958744
879,video,podcast,2023-06-04 15:56:55.230194
880,audio,meditation,2023-10-06 19:43:30.167206
881,audio,rosary,2023-06-15 02:52:27.451318
882,video,reflection,2023-07-29 21:17:37.800791
883,audio,rosary,2023-05-02 08:27:01.208269
884,audio,lectio_divina,2023-03-26 23:21:26.257558
885,video,academic,2023-02-04 05:05:06.683602
886,text,podcast,2023-11-20 15:13:06.36655
887,audio,rosary,2023-12-20 11:24:42.633316
888,video,lectio_divina,2023-04-23 01:18:06.497734
889,audio,reflection,2023-05-13 18:42:35.061299
890,audio,podcast,2023-05-21 20:34:22.925759
891,video,reflection,2023-07-31 18:14:08.355481
892,audio,lectio_divina,2023-12-02 01:04:51.944985
893,audio,reflection,2023-09-27 05:28:55.766655
894,audio,rosary,2023-06-19 10:46:43.534728
895,video,lectio_divina,2023-06-13 02:03:09.196768
896,audio,rosary,2023-07-12 12:47:47.960048
897,audio,lectio_divina,2023-04-13 01:54:14.85629
898,audio,rosary,2023-10-23 20:41:54.55612
899,audio,rosary,2023-03-20 02:07:30.58638
900,audio,reflection,2023-09-15 14:26:15.447767
901,audio,reflection,2023-12-19 13:15:54.777908
902,video,rosary,2023-11-27 06:27:47.274728
903,video,reflection,2023-04-22 07:59:16.53252
904,video,rosary,2023-03-15 21:45:14.885025
905,text,reflection,2023-07-02 17:51:30.039926
906,audio,reflection,2023-05-15 06:51:36.265092
907,text,lectio_divina,2023-10-21 19:19:14.953953
908,audio,rosary,2023-05-20 07:01:45.119695
909,video,rosary,2023-01-09 06:27:51.929791
910,audio,academic,2023-02-04 05:52:50.160231
911,text,rosary,2023-11-10 04:24:22.86084
912,audio,reflection,2023-03-18 15:40:24.324554
913,video,reflection,2023-03-16 00:14:39.826537
914,audio,reflection,2023-05-12 01:30:56.092747
915,audio,podcast,2023-10-20 09:45:42.732689
916,text,lectio_divina,2023-10-19 13:40:28.370607
917,audio,rosary,2023-10-09 07:17:59.347551
918,audio,reflection,2023-06-14 13:57:18.120753
919,audio,rosary,2023-03-22 02:28:16.600085
920,audio,reflection,2023-02-24 23:25:54.143529
921,audio,lectio_divina,2023-06-19 19:30:13.089062
922,video,meditation,2023-05-30 04:55:47.440007
923,audio,rosary,2023-03-24 16:49:34.019161
924,video,podcast,2023-08-05 06:11:00.443568
925,audio,rosary,2023-08-12 20:47:49.762148
926,audio,academic,2023-10-14 16:49:56.761644
927,audio,rosary,2023-10-13 06:45:37.127283
928,audio,podcast,2023-12-16 01:35:27.622714
929,audio,reflection,2023-06-04 00:38:26.562253
930,audio,lectio_divina,2023-04-12 15:41:10.81679
931,audio,podcast,2023-10-02 13:04:57.721515
932,audio,reflection,2023-08-28 20:21:43.727856
933,audio,lectio_divina,2023-02-13 23:37:05.189487
934,video,meditation,2023-06-04 04:25:35.219354
935,video,rosary,2023-10-02 04:52:21.804795
936,video,podcast,2023-11-17 21:56:10.651962
937,audio,lectio_divina,2023-01-17 07:39:06.293925
938,video,reflection,2023-10-06 17:55:39.844923
939,video,reflection,2023-12-24 19:33:17.381458
940,audio,podcast,2023-08-22 01:50:14.543839
941,audio,reflection,2023-04-06 02:30:05.071651
942,audio,academic,2023-07-01 12:37:46.290737
943,audio,rosary,2023-07-07 16:53:24.38888
944,audio,academic,2023-06-02 03:58:42.42792
945,text,lectio_divina,2023-05-13 00:01:53.535985
946,audio,lectio_divina,2023-04-20 21:42:51.276838
947,audio,reflection,2023-12-01 23:30:49.725563
948,audio,rosary,2023-04-10 17:59:14.60499
949,video,rosary,2023-03-20 22:16:21.614567
950,audio,podcast,2023-02-02 14:24:25.248401
951,audio,lectio_divina,2023-10-27 05:22:48.50834
952,video,reflection,2023-05-18 14:00:57.480315
953,audio,rosary,2023-10-08 16:19:17.987613
954,audio,lectio_divina,2023-06-27 15:05:26.35484
955,video,lectio_divina,2023-08-05 20:33:10.72985
956,text,rosary,2023-01-16 19:37:43.576338
957,video,rosary,2023-12-24 18:29:07.622243
958,audio,lectio_divina,2023-02-04 15:42:41.473272
959,video,reflection,2023-04-04 10:45:42.530772
960,audio,rosary,2023-12-29 19:40:38.886469
961,video,reflection,2023-12-22 07:38:47.788309
962,audio,meditation,2023-11-07 07:03:18.648559
963,text,rosary,2023-09-04 04:44:55.156575
964,audio,rosary,2023-06-29 10:54:12.814092
965,audio,academic,2023-10-23 03:04:29.60189
966,audio,rosary,2023-12-02 03:12:05.433418
967,audio,lectio_divina,2023-10-12 00:46:54.430451
968,audio,meditation,2023-04-15 13:21:16.91761
969,video,academic,2023-05-30 07:41:36.995564
970,video,reflection,2023-12-09 11:57:19.162144
971,audio,reflection,2023-04-22 07:45:40.780816
972,video,reflection,2023-03-19 17:28:53.487498
973,audio,lectio_divina,2023-07-24 20:46:53.722693
974,audio,lectio_divina,2023-01-26 12:15:52.375345
975,audio,rosary,2023-03-08 10:03:48.351579
976,audio,rosary,2023-09-05 23:11:46.902253
977,video,reflection,2023-06-13 02:31:04.876695
978,audio,reflection,2023-11-11 12:57:37.527218
979,video,reflection,2023-06-02 18:55:03.032343
980,audio,rosary,2023-07-04 19:18:01.909861
981,audio,rosary,2023-01-27 06:20:31.276262
982,text,reflection,2023-02-12 15:34:29.784307
983,audio,rosary,2023-08-05 11:46:38.211115
984,audio,podcast,2023-08-28 01:40:42.898919
985,audio,lectio_divina,2023-06-14 11:21:24.124528
986,audio,podcast,2023-01-21 07:53:20.746768
987,audio,rosary,2023-01-02 04:19:28.427991
988,audio,meditation,2023-01-23 21:24:46.500965
989,audio,rosary,2023-08-19 13:39:54.821866
990,audio,reflection,2023-12-29 04:37:32.576194
991,audio,rosary,2023-05-27 06:40:27.966289
992,video,reflection,2023-05-28 04:31:10.559989
993,video,reflection,2023-05-01 05:13:14.101645
994,audio,rosary,2023-09-06 23:02:42.536614
995,text,rosary,2023-05-08 05:50:40.552499
996,video,reflection,2023-01-22 14:51:39.931948
997,audio,reflection,2023-05-29 11:18:28.086702
998,text,rosary,2023-12-12 23:34:32.575892
999,audio,reflection,2023-05-05 16:21:13.421254
1000,audio,podcast,2023-09-04 07:34:14.555065
